index	module	source_sha256	olean_sha256	source_bytes	olean_bytes
01	ErgodicTheory.Cocycle.Basic	f5c6651bbf912ee8cc5b7078ce9bae578e56e972c7872dff60cd4705e0657470	5fa2e05b0ef6ce30157deab6845dd7c89a557a5bd491cfb275ce2ac061cee913	5485	110368
02	ErgodicTheory.Cocycle.Norm	82ba2bdf12d0a78af031be14b96bb23cbbc6a5ebb930846430f9a8cb2d80dffb	d228f4812ad37438ad3a812c657aaf9d65d89ef4af8681fbf181ece09b4d5613	4232	95408
03	ErgodicTheory.TwoSided.Invertible	2ceeed3e8c2cded3017f568c78462914c1ed8e25b4475f07a46ee1c52d5a6a2d	30b06d7e95fd6dbbc59e41bf00f89185feb052780ef5074b60e7ee03da9ea1c7	7533	111000
04	ErgodicTheory.Ergodic.MaximalErgodic	b310154abc8a2407785ddc42dc3c1d4a1e45643cca47c9a2ff77fda7999298d4	15b5068442b8d0ec500a9403d59b5b66d6dc54d26ff361c052ff8188c197bb72	18649	373648
05	ErgodicTheory.Ergodic.Birkhoff	bed8d81c6eb7f0ba74548255779dad7c3dc4e75ecf7ad935e1c68ef6fcb6ea6a	2e38a516e17c77e6c013555a725bec9c445bb1331fce649fc325f15267b9ec32	46386	1084808
06	ErgodicTheory.Ergodic.Kingman.Fekete	1be33a7b4b46154b7989dd87f43355fc838eddbac775d5710caff8327d1ebc22	bb212e4b23f980f537ce38363a3af523873cc0c57696a12fbf05e85b66f104ee	39622	778224
07	ErgodicTheory.Ergodic.Kingman.Derriennic	d46ae6d6b4cd8074784588dd88ae07d77a74fa32caa6ec2204474a6f8d517970	ece1847672631733836996716d91f304c7c619a28f5b9cd8200d8609463ec7c1	37250	1345928
08	ErgodicTheory.Ergodic.Kingman.Companion	c41e7258747516b8d3438d401f8465776783a3428fd28c069412ccebddd237d9	447c9b21f841ae1f2b24cf708568e1b6cd7bc55e5d67a320e98e80ef29566352	44240	869648
09	ErgodicTheory.Ergodic.Kingman.BlockSqueeze	c44f54d7a963050742be7ca38d8b2446f8be69ddcdf8f89cabfc1e058893d2b0	5128ae1d5a9692d5d73229d23a6ab09e42c22352debd2cd0a145cf24108f7fc2	44151	1169800
10	ErgodicTheory.Ergodic.Kingman.Core	d0335f2c93d23a70700deebd1b568aed91ef7f61ada70cc9ffcf4a4d60e2dbfa	29e9a894225d7f9c48a9240ad631420271a9017a6c369571d49dbfe576f4948f	25897	507360
11	ErgodicTheory.Cocycle.FurstenbergKesten	1ddd3ad0158b6ec9c9ef2508232391e5ed63a2e5880815ca27fdd8d2a194cf37	7dd2b467bad969c77c4c7f63b92dcf9856e3d3ab04e30d4a7f3155e3b2e055e5	23198	528672
12	ErgodicTheory.Lyapunov.Ultrametric	3646fb068ba09b859768f1ec54ee7ab7dd5adb5449ba38e143cb86dcd94c76ec	c89e1b6c1a4c9b02b4f334a4ea77994dcb1d096ea21a5de9e41cf32d25f52627	11885	344360
13	ErgodicTheory.Lyapunov.GrowthFunction	1d555f7f4cf6862d30a1fc15829252063fa283037dedd028b319a3b66332c097	d9383eb8c8f5e1c21520ed9ded78187332ec2619c3ebd625dc5782bd53e9438a	37157	1001136
14	ErgodicTheory.Lyapunov.Filtration	8283b49d4f261ef6b41fae58e9668c53931cfe9b3d2a1d3804afdfbf1fea3d55	d28a8879306e64687218f27809a888387aa1ea7015b66bd9f6b16f6d6aff1a1f	20202	719456
15	ErgodicTheory.Lyapunov.MeasurableSubspace	93057ecd659161b05ea512d6c248cb82a578329cf7f29bae9b1fd9ff8145727b	7b15b7a28f4710d3065ff34d8c723a63a23e440e2b0ea063dec32ce281ec109a	2039	68088
16	ErgodicTheory.Lyapunov.Measurable	cdf66cf63e2b373cf535c5c4be0fe2aac4119c6891dfcf3154724d7869bba051	f88361900c9ef3bafd1c62e6b8b6cfefae15f2fd4432a4cc79c12ab31c638392	19409	587496
17	ErgodicTheory.Lyapunov.ForwardMeasurable	7dee32c9ac969dc41ab870c487dd028795dc40ad4b0167de765f86f3d7a990f6	ed41dcd72ff89fa6eb037f83c1973cbde6c43987b74c50aed02d773dd7ed082c	4030	204888
18	ErgodicTheory.Lyapunov.ExteriorNorm.Basic	8a1bec105fad42db7e58e23083a1508a773192b046c2a684cc85f0791fa7f1dd	643f57eb04e0a5286fc2a076f72ba274b28f7fd4478a41b3ba97dc62da584851	72177	3754944
19	ErgodicTheory.Lyapunov.ExteriorNorm.Plucker	15714957a0afe205843e5c79bca30b3acc147be0ec16ad072cac97213fcb1a2a	0ce4ee4ede269c4f76fbbe2b2935b44fb866afc84dc3c82a8fe4719bf583c947	70414	3092400
20	ErgodicTheory.Lyapunov.ExteriorNorm.Weyl	181689cd2e0eb76e159e4feadbd8a447d0e5b46232971a2af959a8838f5d1147	008cef104d291101b28f140e50e41d7c837cf223d17f9305a57c453196b3325f	11709	603544
21	ErgodicTheory.Lyapunov.OseledetsLimit.SingularValues	8361de8ba2b156fff700cf19bf521aafe60a04c417cb1e60db25858ceda72a15	6b4e0f58eedd15b6b78f9566e267d6718c5c2c6cccbefea53f2b729bbcc72548	43679	1258192
22	ErgodicTheory.Lyapunov.OseledetsLimit.BandProjector	4cd35757b8da59f195e07060a5720a22946e86b91d0dcc06c09262f38d610a23	4ce8822ef62b3e19535d024af9b7a40f35118932e047b28704bcf68724fcef3f	47002	1415632
23	ErgodicTheory.Lyapunov.OseledetsLimit.ProjectorIncrement	6d9a7230ef8f521aec9aa540635a66112707f51dbe28fce7e6cff846e6b29e3c	bd5ae4fcfa344c2f8a9bf26d6053dd910a6bbf9ffa12c0e7beb17e914937cf6d	81136	3284112
24	ErgodicTheory.Lyapunov.OseledetsLimit.Limit	fb91a3504a708e43e3b9b6d349ee17e650902c473eab1cc0375cf3efcfe966b7	cc61364088d60da21a9ae1392ffe36b114cc296df1ec0c399db0d2312e459be5	50341	1365112
25	ErgodicTheory.Lyapunov.ForwardV	b199565bd79ef6130662d5dee78986be833848fc6c9fee78f78f36e8c6a15b5f	f816ae92622bc9f3aa4076df025cc550a0425c52ebefd7f6c5f2610631717108	12186	164624
26	ErgodicTheory.Lyapunov.Forward	34183129b715f32ae6d7ca949b7d68cd7d1025de540234a4f97af9e69a7aec13	adcbf02374f5d2ca6674471bf8b2be0e484268a02e580cb23fb6c2b1f18479ef	44178	1305160
27	ErgodicTheory.Lyapunov.FiltrationFromInterfaces	dd28b94eeadfc693f685397810c60ed5b3f58dbd2984970da7f19842e2092be0	508229c44b95bd3879528d9ea75580d76eb67512b64e161c4ce788665477f525	9701	706184
28	ErgodicTheory.Lyapunov.ForwardAngle	f2ca435acbbc6bd15395e11f7cee6561a03ceb53486ae96c1fd7341f6cde2d7e	462eb67ccfeecb019a6aaa703d3abed78c9c1ef742ea7f152d71544c82d286c9	15418	583448
29	ErgodicTheory.Lyapunov.FiltrationInterfaceReduction	4f4370e1bb79bc77bd393ae08a1250d1d1b3867b5e9d192297f826203864aa42	af8b2b6cb5a2bc47a1d5f7b27f07b680897212c14c036f06a0eb73dadf064a42	19103	954320
30	ErgodicTheory.Lyapunov.SpectralMeasurable	640f1c92519c3e5870a01675fb3a26cc8b75309a2ec0ce202050815bef66bdfd	e38d4e6a8de56c984a8f497a58664a7f9a5f872febef1220b0a2ec102ac4f0cc	6973	238536
31	ErgodicTheory.Lyapunov.SlowFiltrationMeasurable	b8f03e3072e6ec959a1007b5d9a2b016b65c7e453be45476cf54038824d4f3fd	f14d04ebc715edd243d93be4fd97d4fcc4922dd37d35b06271bd7787e3194b08	10988	211136
32	ErgodicTheory.Lyapunov.SpectrumConstancy	f96d04d4acda3d91707ed4bd9813270db912326ea402a7f878f5002e425269e4	0a2a2b90e9b778f4292568619e7ad993c927e5e23d97425fe9901a5b18416874	11641	121496
33	ErgodicTheory.Lyapunov.StratumLogGrowthBounds	126173e14634f57054f97d2d2cc1fb14beba8cb990203d4522155e8a1415e881	59a7fd3c8132fa53b2a155ca1b5110faf127bb5a90ef42725d9dc753499c17ae	16861	515896
34	ErgodicTheory.Lyapunov.FiltrationFromSpectralUpper	e846d37dfd402d6dc9b02109501e6ea058ebee3d8d097e733e5da92d0e0537c9	619f99d6051cab44568b80dfe2e1529fa8a328987107c63bcbaf07bc06221f82	6773	187520
35	ErgodicTheory.Lyapunov.SpectrumResiduals	db99d299075b265b3c612076d3236eb76888ac296c3f3e754a8e4cb34c821095	b56f5b7cb0f0f60b88fc99f6880f5b2fcb8ebcc8c3395761828fc935a7930c70	30369	1081328
36	ErgodicTheory.Lyapunov.LimitEigenbasis	3fb49411743c8b8df655fe1a50647fa99e96918f31066fc6aa04a22cab024fa4	3cde21358c7940d14784bae9d34cbbcfb249f024245b92220a47b2231a6d6e62	12759	522584
37	ErgodicTheory.TwoSided.SpectralRank	691db24a8752acc41bfa62a2cdc160ee67eb0d74f5aa4a6fca4c3a5452858bd9	8d2c26c7ee10f2bbcd13c04fac7a6b489d658724916249202de27deb9f2e0050	12732	563040
38	ErgodicTheory.Lyapunov.FiltrationFromSpectralIdent	3988a7e71de1e541fe5dad86c9f88febb15c8ac8fec28baed0513972898f20d6	b791ac1a44b45a8ee77c1322cf2ec796ac9d4dfa5bf3769f42a08ff6020a9f03	5658	267200
39	ErgodicTheory.Lyapunov.RuelleCore	21b8dcfa386ba7a0f68fcabcd3410cc6efb084e835cdba4cd4315ad1c143e2da	a0988a6cd90b1c6277ecd1cf22e4d97a1cf3522e37bb9fb50a185d022116a45b	14265	614200
40	ErgodicTheory.Lyapunov.LimitSlowSpaceSpectralBound	a3d2f23efbd085da26b622680bace4afc9f5dfd99fe413a6d2ff5851d8e23cbb	ef3f266364537b979bb2466be8a65ac76e0ea6a17ce327e00494b41b81b4af36	18382	637480
41	ErgodicTheory.Lyapunov.FastIndexSpectralEnvelope	e41517d2cb7895062b97db46d1ff316e466a074c4cc4d2398548c9f5229d35dd	9608132e63f1cedbf16bba9c838819965c4bfdaebc767914e5c4114b10108ee5	21001	1150624
42	ErgodicTheory.Lyapunov.ChainRecursion	46cdf3626c86f2b39923db0b4ea817d36d6f4e6a408c8f038eb4b40a7a363a0b	f4cb9b432d1fbace1d3dcdbc716f78c672138142c8272fc39e61a2fe796ab1ff	16571	553336
43	ErgodicTheory.Lyapunov.ForwardGradedOverlap	8dc81ec1a04cea67419996d9bf52716822924b73bb19d0689652c7e92aa37187	69eb9409b607c8c0e952c734ee8b9460ff2dd5156bdb0cb3468ac919d3759d82	11567	298088
44	ErgodicTheory.Lyapunov.ForwardGradedOverlapTopGap	ea426f6c937145a6d708fc00b95b494a10578b09fb8c6efc136ee853279cbd2b	0fc7e1575b509b6f6ce0db6217bf32cadede238ac711c1e1e763825b6e691bb6	23408	839496
45	ErgodicTheory.Lyapunov.SpectralIdentification	9de3f3576879e3f687057b28c6abc274ce8eb7f7e3da8995b361676e34dd63c2	43c91b9d960ecb28102d9485c6550e75d7352b6e4de0a5ad6165edd3fac5cd5e	27407	1190424
46	ErgodicTheory.Lyapunov.RuelleReverse	249c3bd4a06e4d552f62fe8bea66d1d9e80a2615308a31a0e4fe8d4b606040de	e300ee8c09c34720f20195b76e81da53614e8f38206b94de6daf91b5de429a7f	12042	369376
47	ErgodicTheory.Lyapunov.FiltrationFromTopGapEnvelope	aa4d6bfd7f332505a747f6ebc35db7196cfd1b74ec1b09aea4d21de1379c06be	f18f5450413dbd794b1a95599f03fa7505acabc8202aecfb83b96020b2e815e2	10239	346640
48	ErgodicTheory.Lyapunov.TopGapEnvelope	f4e89bffb8193922276472c525ef78ae977a4c9b7f2b8269e4d77f69917d2d2a	eddd6c5c4f1d6798593da111024dcfe2d8f3f247462f3cdaad99a346f5e2e817	82046	2618912
49	ErgodicTheory.TwoSided.StrongExport	7d1e5e788edbe7e4e5f42b246ca7117d40c7da05be3f24371f9eb1a4b70df073	3f4cdd4da0ecb13e04a02cff94deefae400f515ce94ca3b8e4ac036154314618	11904	785528
50	ErgodicTheory.TwoSided.KingmanMeans	1ca268b6cfcb23364dd6e54df2a77cb0e8e3cff41f622d1797c46c528a4e930c	04176a74ba6b519673748160ed36cc84fdeeca73ada66041f09e7c3e144df67b	24345	548872
51	ErgodicTheory.TwoSided.RestrictedCocycle	81dbd7ab511e8b97d9a1b1fc386719d55aed1bb004926cbeaed13c820d01ba1f	6045c911b25e0c7a9713a8ebe567bc5ec72c637a92ae31337260649cea095995	36456	866552
52	ErgodicTheory.TwoSided.RestrictedExponent	930ae475700daa9015d552cd5ef74feb22f60949ceb917f03a5ca54decb9d5fb	423465370755212c6e4b3eabd067e719afed158e6a22365517d7661d1931085d	25278	1339736
53	ErgodicTheory.TwoSided.Transversality	0f0e02ac58c5c93e5efba325bdfd80e67b6d87843dba27fe5e33b0ae046a8381	6be53ba1c8a68258504e8df8d5a191abddeba777e94400becfd62e1fde572de2	32742	1344736
54	ErgodicTheory.Lyapunov.DimZero	a0dd0a9de82a59c101228cf3916787d895b260736a206872ddc3ce9f33ab126a	ee199919e7fe67aa06e513cbae27ce87f0b41e9646f9f699b03a0964c4b15f80	3150	95656
55	ErgodicTheory.MultiplicativeErgodic	03105783d6edc545ebab7b3d0acae43228b38e23d4c57d9a6543176e45719ea4	4e50d447a40da5655deebf4d563d2fe55ae636d48095eb244d4a0a5ac2d605d1	4204	164016
56	ErgodicTheory.Lyapunov.Extensions.Corollaries	f2ddf80ad9da2af845d45b4fa8c3a89534e8a5bc2d993356205ccc6c86269db9	d9729d2a5aca2f95da21f0e27b4e86b8e61da90136bfd31e69fef1c2e8308024	33302	2006600
57	ErgodicTheory.Lyapunov.Extensions.Spectrum	8b3cfc9a6b3fc1a9c72010286640d1616b1424b263691d01d6784afedf69633e	724da64ed5e878c761edb458b447005236f4338f6215788cc6cd4c45c84dcb8b	6760	158216
58	ErgodicTheory.Lyapunov.Extensions.ExponentSums	22e7dadd45efbb5457ffa6d94c508ab802b2649ff6ebabaf179b66708bee5c7a	e45412ce90401a98de1d82290cf1769ace69e3b1d022e469b7c83b0a2b2e127d	12961	254144
59	ErgodicTheory.Lyapunov.Extensions.DetIdentity	92cb7458cbe32b485b1e64e92598a224fe665e8d40d81e22aef6a6e570d5ad77	0b65e056338258ac54ec1af23ce70ff53344f6480a0a3f931afa4ceaa56bb6a7	14621	430424
60	ErgodicTheory.TwoSided.Reflection	1f3ac3d66d2f73f3b6a0671fd80a7e01c5ce4a0009c25d882a02363a18712739	573b5a395451ff66243bf345f8210fc8227d07a90f5b095f08982560e5f0023f	19512	555920
61	ErgodicTheory.TwoSided.MeasurableInf	f268426d04977e18f8cf6fd35034631e428fd06fb59c85e7bc1a3ae090e63c1f	925194578141c6e4cc7d5bb1f83222a48c73ca01f7a34617e7258cd31dc60512	24638	1008160
62	ErgodicTheory.TwoSided.SplittingAssembly	e47ced0d869724a402369352f0ac0bd1f4bb8e57cfd7cefc2a44fa071c6e9407	3f3165b7a9a58ab36f769fa03d68c4d520fec734dc45a7672c6733a3d3067197	34805	2291792
